{
  "plugin_name": "Memer",
  "plugin_scope": "meme",
  "plugin_exec": "meme.js",
  "command_map": {
    "pls": {
      "hargs": "|| meme || anime",
      "hdesc": {
	  "vi_VN": "Gửi một bức ảnh bất kì mà bạn muốn!",
	  "en_US": "Send a random picture!"
	  },
      "fscope": "memeFunc",
      "compatibly": 0
    }
  },
  "author": "FuryCS",
  "version": "1.0 (Base Kaysil)",
  "node_depends": {
    "fs": "*",
    "path": "*",
    "wait-for-stuff": "*",
	  "stream-buffers": "*",
	  "node-fetch": "*",
	  "wait-on": "*",
	  "merge-images": "*",
	  "jimp": "*"
  },
  	"dependents": [],
	"file_map": {
	"music/khabanh_oibanoi.mp3": "khabanh_oibanoi",
	"music/duckbatman_oibanoi.mp3": "duckbatman_oibanoi",
	"music/huanrose_colamthimoicoan.mp3": "huanrose_colamthimoicoan",
	"music/duckbatman_trietlycuocsong.mp3": "duckbatman_trietlycuocsong",
	"image/slap_template.jpg": "slap_template"
	},
	"dependents": [
		"LangAPI"
	],
	"chatHook": "chathook",
	"chatHookType": "everything",
	"chatHookPlatform": 0,
  "complied_for": "0.3.0"
}
